,gambling_activity,Year to Sept 2018,Year to Sept 2019,Year to Sept 2020,Year to Sept 2021,Year to Sept 2022
0,National Lottery draws,28.0,28.8,27.3,26.5,28.7
1,Another lottery,11.2,11.5,12.4,12.8,13.2
2,Scratchcards,10.5,11.0,8.5,7.2,7.7
3,Sports betting,6.6,6.9,5.3,5.6,4.5
4,Private betting,5.9,5.4,4.6,3.5,3.2
5,Fruit or slot machines,3.9,3.8,2.2,1.6,3.0
6,Horse races,3.6,4.4,2.9,3.3,3.6
7,Bingo,2.6,2.7,2.8,1.6,2.3
8,Online slot machine style games / instant wins,1.1,2.7,4.1,3.4,4.6
